roc_auc,acc,phish_precision,phish_recall,phish_f1,model,dataset_version
1.0,0.9,0.95,0.9333333333333332,0.9314285714285713,logreg_elasticnet,imputed
1.0,0.95,0.95,1.0,0.9714285714285715,rf,imputed
1.0,0.95,0.95,1.0,0.9714285714285715,xgb,imputed
1.0,0.95,0.95,1.0,0.9714285714285715,catboost,imputed
0.6,0.75,0.75,1.0,0.8571428571428571,mlp,imputed
0.5,0.75,0.75,1.0,0.8571428571428571,lgbm,imputed
0.13333333333333333,0.65,0.7166666666666666,0.8666666666666666,0.780952380952381,svm_rbf,imputed
