roc_auc,acc,phish_precision,phish_recall,phish_f1,model,dataset_version
0.9997999999999999,0.9940000000000001,1.0,0.9879999999999999,0.9939290875749819,rf,imputed
0.99962,0.9940000000000001,1.0,0.9879999999999999,0.9939290875749819,catboost,imputed
0.99718,0.9830000000000002,0.9824089091947459,0.984,0.9831026481958542,logreg_elasticnet,imputed
0.9971322629425531,0.9901322957198444,0.989921117106066,0.9777439024390244,0.9837909766855821,xgb,native
0.9970662641756551,0.9901322957198444,0.9891177871562224,0.9785569105691057,0.9838030054928286,lgbm,native
0.99558,0.97,0.9662970297029702,0.9739999999999999,0.9701293532338309,mlp,imputed
0.9925,0.712,1.0,0.42400000000000004,0.594744448699824,svm_rbf,imputed
