roc_auc,acc,phish_precision,phish_recall,phish_f1,model,dataset_version
0.9333333333333332,0.8,1.0,0.7333333333333332,0.8400000000000001,logreg_elasticnet,imputed
0.9,0.8,1.0,0.7333333333333332,0.8400000000000001,rf,imputed
0.7737415746848393,0.7169411177644711,0.6142519627166484,0.9743748243888734,0.7534935271389864,catboost,native
0.7727076053699857,0.7159181636726546,0.6140131447008678,0.9698229839842651,0.7519502132834233,xgb,native
0.7723673870823212,0.7158932135728542,0.6136093887308166,0.9724641753301491,0.7524388754990156,lgbm,native
0.5999999999999999,0.7,0.7333333333333333,0.9333333333333332,0.819047619047619,mlp,imputed
0.13333333333333333,0.75,0.75,1.0,0.8571428571428571,svm_rbf,imputed
