{
  "ensemble": {
    "selected_at": "2025-12-27T14:46:24.490294",
    "models": {
      "url": "catboost",
      "dns": "logreg_elasticnet",
      "whois": "catboost"
    },
    "weights": {
      "url": 0.7,
      "dns": 0.1,
      "whois": 0.2
    },
    "performance": {
      "accuracy": 0.9722222222222222,
      "f1": 0.9473684210526315,
      "roc_auc": 1.0,
      "avg_latency_ms": 0.03180901209513346,
      "tradeoff_score": 0.9722126795185937
    }
  }
}